seed,total_reward,slippage_reward,late_penalty_reward,entry_price,executed_quantity,remaining_quantity,fill_rate,is_bps,completed,action_mkt,action_lmt,action_hold
100,15.200000000000001,15.200000000000001,0.0,99994.5,1000,0,1.0,-1.520083604598253,True,10,0,0
101,-77.713,17.287,-95.0,99985.0,905,95,0.905,-1.9104523137034093,False,10,0,0
102,8.325,8.325,0.0,99998.5,1000,0,1.0,-0.8325124876873153,True,10,0,0
103,-26.956999999999994,73.043,-100.0,99933.0,900,100,0.9,-8.121330180109563,False,10,0,0
104,47.445,47.445,0.0,99992.0,1000,0,1.0,-4.744879590367229,True,10,0,0
105,-32.641,-32.641,0.0,100062.0,1000,0,1.0,3.2620775119425955,True,10,0,0
106,-32.18599999999999,-32.18599999999999,0.0,100006.5,1000,0,1.0,3.2183908045977008,True,10,0,0
107,-72.1,27.9,-100.0,99990.0,900,100,0.9,-3.1003100310031004,False,10,0,0
108,23.255,23.255,0.0,99985.0,1000,0,1.0,-2.3258488773315995,True,10,0,0
109,-17.653,-17.653,0.0,99975.5,1000,0,1.0,1.7657326044880997,True,10,0,0
110,1.0150000000000006,1.0150000000000006,0.0,100009.5,1000,0,1.0,-0.10149035841595054,True,10,0,0
111,-34.838,-34.838,0.0,100046.0,1000,0,1.0,3.4821981888331366,True,10,0,0
112,-83.597,16.403000000000002,-100.0,100007.0,900,100,0.9,-1.8224279855965642,False,10,0,0
113,-12.971000000000002,-12.971000000000002,0.0,100017.0,1000,0,1.0,1.2968795304798186,True,10,0,0
114,17.229,17.229,0.0,99971.0,1000,0,1.0,-1.7233997859379218,True,10,0,0
115,-99.945,-6.944999999999999,-93.0,99995.0,907,93,0.907,0.7657494230830615,False,10,0,0
116,-9.723,-9.723,0.0,99999.0,1000,0,1.0,0.972309723097231,True,10,0,0
117,-32.701,-32.701,0.0,100001.5,1000,0,1.0,3.2700509492357615,True,10,0,0
118,43.00000000000001,43.00000000000001,0.0,99974.5,1000,0,1.0,-4.301096779678819,True,10,0,0
119,-3.877,-3.877,0.0,99990.0,1000,0,1.0,0.38773877387738775,True,10,0,0
120,-11.129000000000001,-11.129000000000001,0.0,100016.0,1000,0,1.0,1.1127219644856825,True,10,0,0
121,-17.921,-17.921,0.0,100014.5,1000,0,1.0,1.7918401831734398,True,10,0,0
122,-27.008000000000003,-27.008000000000003,0.0,100006.0,1000,0,1.0,2.7006379617222973,True,10,0,0
123,-6.742,-6.742,0.0,100004.0,1000,0,1.0,0.6741730330786768,True,10,0,0
124,-2.703000000000001,-2.703000000000001,0.0,100026.5,1000,0,1.0,0.2702283894767888,True,10,0,0
125,-22.880000000000003,-22.880000000000003,0.0,100013.0,1000,0,1.0,2.2877025986621744,True,10,0,0
126,-19.472,-19.472,0.0,99992.5,1000,0,1.0,1.9473460509538214,True,10,0,0
127,-27.339,-27.339,0.0,100003.5,1000,0,1.0,2.7338043168489103,True,10,0,0
128,72.361,72.361,0.0,99934.0,1000,0,1.0,-7.240878980126884,True,10,0,0
129,-41.604000000000006,-41.604000000000006,0.0,100025.0,1000,0,1.0,4.159360159960011,True,10,0,0
130,-1.5349999999999997,-1.5349999999999997,0.0,100004.5,1000,0,1.0,0.15349309281082346,True,10,0,0
131,17.793,17.793,0.0,99980.0,1000,0,1.0,-1.7796559311862372,True,10,0,0
132,-16.378,-16.378,0.0,100030.0,1000,0,1.0,1.6373088073577926,True,10,0,0
133,58.586000000000006,58.586000000000006,0.0,99969.0,1000,0,1.0,-5.860416729186049,True,10,0,0
134,-1.0160000000000005,-1.0160000000000005,0.0,100021.0,1000,0,1.0,0.10157866847961933,True,10,0,0
135,-11.008999999999999,-11.008999999999999,0.0,99980.5,1000,0,1.0,1.101114717369887,True,10,0,0
136,6.441,6.441,0.0,99978.0,1000,0,1.0,-0.6442417331813,True,10,0,0
137,11.141,11.141,0.0,99987.0,1000,0,1.0,-1.114244851830738,True,10,0,0
138,-84.792,-84.792,0.0,100061.0,1000,0,1.0,8.474030841186876,True,10,0,0
139,-26.075,-26.075,0.0,100004.5,1000,0,1.0,2.60738266777995,True,10,0,0
140,-22.533,-22.533,0.0,100045.0,1000,0,1.0,2.25228647108801,True,10,0,0
141,-7.821,-7.821,0.0,99993.0,1000,0,1.0,0.7821547508325583,True,10,0,0
142,-40.768,-40.768,0.0,100056.0,1000,0,1.0,4.074518269768929,True,10,0,0
143,12.895,12.895,0.0,99991.0,1000,0,1.0,-1.2896160654458901,True,10,0,0
144,2.7540000000000004,2.7540000000000004,0.0,99997.0,1000,0,1.0,-0.27540826224786746,True,10,0,0
145,-16.301,-16.301,0.0,99987.0,1000,0,1.0,1.6303119405522717,True,10,0,0
146,2.0079999999999996,2.0079999999999996,0.0,100017.5,1000,0,1.0,-0.20076486614842398,True,10,0,0
147,-73.46300000000001,-73.46300000000001,0.0,100092.0,1000,0,1.0,7.339547616193103,True,10,0,0
148,-40.155,-40.155,0.0,100035.5,1000,0,1.0,4.014075003373803,True,10,0,0
149,-23.426000000000002,-23.426000000000002,0.0,100031.0,1000,0,1.0,2.3418740190540936,True,10,0,0
150,14.917,14.917,0.0,100019.0,1000,0,1.0,-1.4914166308401404,True,10,0,0
151,-1.7369999999999999,-1.7369999999999999,0.0,99981.5,1000,0,1.0,0.1737321404459825,True,10,0,0
152,30.829,30.829,0.0,99996.5,1000,0,1.0,-3.0830079052766846,True,10,0,0
153,-1.3799999999999981,-1.3799999999999981,0.0,100003.0,1000,0,1.0,0.1379958601241961,True,10,0,0
154,22.148000000000003,22.148000000000003,0.0,99993.0,1000,0,1.0,-2.21495504685328,True,10,0,0
155,27.15,27.15,0.0,99957.0,1000,0,1.0,-2.7161679522194544,True,10,0,0
156,-1.8760000000000003,-1.8760000000000003,0.0,99990.0,1000,0,1.0,0.18761876187618765,True,10,0,0
157,-2.9550000000000014,-2.9550000000000014,0.0,100027.0,1000,0,1.0,0.29542023653613536,True,10,0,0
158,7.163,7.163,0.0,99995.5,1000,0,1.0,-0.7163322349505729,True,10,0,0
159,-37.006,-37.006,0.0,100031.0,1000,0,1.0,3.6994531695174495,True,10,0,0
160,2.139,2.139,0.0,99983.5,1000,0,1.0,-0.21393529932438854,True,10,0,0
161,5.1240000000000006,5.1240000000000006,0.0,99982.0,1000,0,1.0,-0.512492248604749,True,10,0,0
162,-43.205000000000005,-43.205000000000005,0.0,100021.5,1000,0,1.0,4.319571292172184,True,10,0,0
163,-33.313,-33.313,0.0,100016.0,1000,0,1.0,3.330767077267637,True,10,0,0
164,2.4980000000000007,2.4980000000000007,0.0,99991.0,1000,0,1.0,-0.24982248402356216,True,10,0,0
165,16.195,16.195,0.0,99982.5,1000,0,1.0,-1.6197834621058684,True,10,0,0
166,-31.464999999999996,68.535,-100.0,99956.0,900,100,0.9,-7.618352074912962,False,10,0,0
167,-18.8,-18.8,0.0,100010.0,1000,0,1.0,1.87981201879812,True,10,0,0
168,-31.623999999999995,-31.623999999999995,0.0,100000.5,1000,0,1.0,3.1623841880790593,True,10,0,0
169,-29.672,-29.672,0.0,100014.5,1000,0,1.0,2.9667698183763354,True,10,0,0
170,-11.831000000000003,-11.831000000000003,0.0,99985.0,1000,0,1.0,1.183277491623744,True,10,0,0
171,20.695000000000004,20.695000000000004,0.0,99988.0,1000,0,1.0,-2.069748369804377,True,10,0,0
172,-9.657,-9.657,0.0,100012.0,1000,0,1.0,0.9655841299044114,True,10,0,0
173,-47.080999999999996,-47.080999999999996,0.0,100036.5,1000,0,1.0,4.706382170507764,True,10,0,0
174,-28.823,-28.823,0.0,100023.0,1000,0,1.0,2.881637223438609,True,10,0,0
175,-123.189,-53.18899999999999,-70.0,100032.5,930,70,0.93,5.717389160350842,False,10,0,0
176,-10.943000000000001,-10.943000000000001,0.0,100010.0,1000,0,1.0,1.094190580941906,True,10,0,0
177,7.4,7.4,0.0,100012.5,1000,0,1.0,-0.7399075115610548,True,10,0,0
178,-132.15800000000002,-32.158,-100.0,100026.0,900,100,0.9,3.5721823437017486,False,10,0,0
179,-16.432,-16.432,0.0,100005.0,1000,0,1.0,1.6431178441077947,True,10,0,0
180,-55.809000000000005,-55.809000000000005,0.0,99997.0,1000,0,1.0,5.5810674320229605,True,10,0,0
181,-89.735,10.265,-100.0,100016.0,900,100,0.9,-1.140373095860218,False,10,0,0
182,28.849999999999998,28.849999999999998,0.0,100001.0,1000,0,1.0,-2.884971150288497,True,10,0,0
183,-23.423000000000002,-23.423000000000002,0.0,100035.5,1000,0,1.0,2.341468778583603,True,10,0,0
184,2.8340000000000005,2.8340000000000005,0.0,99973.5,1000,0,1.0,-0.2834751209070404,True,10,0,0
185,-16.494,-16.494,0.0,99991.5,1000,0,1.0,1.6495402109179282,True,10,0,0
186,15.133,15.133,0.0,99983.0,1000,0,1.0,-1.5135573047418063,True,10,0,0
187,-9.382,-9.382,0.0,100008.5,1000,0,1.0,0.9381202597779189,True,10,0,0
188,-7.533,-7.533,0.0,100022.5,1000,0,1.0,0.7531305456272339,True,10,0,0
189,-52.551,-52.551,0.0,100018.0,1000,0,1.0,5.254154252234597,True,10,0,0
190,-2.6830000000000003,-2.6830000000000003,0.0,100005.0,1000,0,1.0,0.2682865856707165,True,10,0,0
191,3.5429999999999997,3.5429999999999997,0.0,99982.5,1000,0,1.0,-0.3543620133523366,True,10,0,0
192,22.066,22.066,0.0,99979.0,1000,0,1.0,-2.2070634833314995,True,10,0,0
193,-10.156,-10.156,0.0,99992.0,1000,0,1.0,1.0156812545003602,True,10,0,0
194,-21.19,-21.19,0.0,99998.5,1000,0,1.0,2.119031785476782,True,10,0,0
195,-201.174,-1.174,-200.0,99971.0,800,200,0.8,0.14679256984525513,False,10,0,0
196,-15.964,-15.964,0.0,100010.0,1000,0,1.0,1.5962403759624038,True,10,0,0
197,-30.720999999999997,-30.720999999999997,0.0,100017.5,1000,0,1.0,3.0715624765666005,True,10,0,0
198,-7.3870000000000005,-7.3870000000000005,0.0,100013.5,1000,0,1.0,0.7386002889609903,True,10,0,0
199,1.9119999999999995,1.9119999999999995,0.0,99983.0,1000,0,1.0,-0.19123250952661947,True,10,0,0
